,Australia,Austria,Belgium,Canada,Chile,Czechia,Denmark,Estonia,Finland,France,Germany,Greece,Hungary,Iceland,Ireland,Israel,Italy,Japan,Latvia,Luxembourg,Mexico,Netherlands,New Zealand,Norway,Poland,Portugal,Slovakia,Slovenia,South Korea,Spain,Sweden,Switzerland,Turkey,United Kingdom,United States,id
0,0.0,0.0,0.17,0.0,9.0436,13.035480000000002,0.96,12.71072,0.66,0.46,0.5,0.0,18.50396,12.131120000000001,3.4408000000000003,15.645520000000001,0.0,0.05,0.0,17.684240000000003,1.5667600000000002,0.29,0.17,1.07,13.424640000000002,0.0,16.93076,5.245840000000001,2.46744,0.0,0.72,1.0764,3.65056,0.86,0.29,1880
1,0.0,0.0,0.17500000000000002,0.0,9.05074909090909,13.045784727272729,0.975,12.719930666666666,0.67,0.468,0.503,0.0,18.517368666666666,12.140709818181818,3.446784,15.657350260869567,0.0,0.056,0.0,17.699617600000003,1.568057523809524,0.291,0.19200000000000003,1.058,13.435252363636366,0.0,16.943562086956522,5.249806608695653,2.4693905454545453,0.0,0.733,1.0782720000000001,3.6537344,0.857,0.30599999999999994,1881
2,0.0,0.0,0.18000000000000002,0.0,9.057898181818182,13.056089454545456,0.99,12.729141333333333,0.68,0.47600000000000003,0.506,0.0,18.530777333333333,12.150299636363636,3.452768,15.669180521739133,0.0,0.062,0.0,17.714995200000004,1.5693550476190479,0.292,0.21400000000000002,1.046,13.44586472727273,0.0,16.956364173913045,5.253773217391306,2.4713410909090907,0.0,0.746,1.0801440000000002,3.6569088,0.854,0.32199999999999995,1882
3,0.0,0.0,0.18500000000000003,0.0,9.065047272727272,13.066394181818183,1.005,12.738351999999999,0.6900000000000001,0.48400000000000004,0.509,0.0,18.544186,12.159889454545453,3.458752,15.681010782608698,0.0,0.068,0.0,17.730372800000005,1.5706525714285717,0.293,0.23600000000000002,1.034,13.456477090909093,0.0,16.969166260869567,5.257739826086958,2.473291636363636,0.0,0.759,1.0820160000000003,3.6600832,0.851,0.33799999999999997,1883
4,0.0,0.0,0.19000000000000003,0.0,9.072196363636362,13.07669890909091,1.02,12.747562666666665,0.7000000000000001,0.49200000000000005,0.512,0.0,18.557594666666667,12.169479272727271,3.4647360000000003,15.692841043478264,0.0,0.07400000000000001,0.0,17.745750400000006,1.5719500952380956,0.294,0.258,1.022,13.467089454545457,0.0,16.98196834782609,5.26170643478261,2.4752421818181816,0.0,0.772,1.0838880000000004,3.6632575999999997,0.848,0.354,1884
5,0.0,0.0,0.19500000000000003,0.0,9.079345454545452,13.087003636363637,1.0350000000000001,12.756773333333332,0.7100000000000001,0.5,0.515,0.0,18.571003333333334,12.179069090909088,3.47072,15.70467130434783,0.0,0.08000000000000002,0.0,17.761128000000006,1.5732476190476194,0.295,0.28,1.01,13.47770181818182,0.0,16.994770434782613,5.265673043478262,2.477192727272727,0.0,0.785,1.0857600000000005,3.6664319999999995,0.845,0.37,1885
6,0.0,0.0,0.20000000000000004,0.0,9.086494545454542,13.097308363636364,1.05,12.765983999999998,0.7200000000000001,0.508,0.518,0.0,18.584412,12.188658909090906,3.476704,15.716501565217396,0.0,0.08600000000000002,0.0,17.776505600000007,1.5745451428571433,0.296,0.30200000000000005,0.998,13.488314181818184,0.0,17.007572521739135,5.269639652173915,2.4791432727272724,0.0,0.798,1.0876320000000006,3.6696063999999993,0.842,0.386,1886
7,0.0,0.0,0.20500000000000002,0.0,9.093643636363632,13.10761309090909,1.065,12.775194666666664,0.7300000000000001,0.516,0.521,0.0,18.597820666666667,12.198248727272723,3.482688,15.728331826086961,0.0,0.09200000000000001,0.0,17.791883200000008,1.5758426666666672,0.297,0.32400000000000007,0.986,13.498926545454548,0.0,17.020374608695658,5.273606260869567,2.481093818181818,0.0,0.811,1.0895040000000007,3.672780799999999,0.839,0.402,1887
8,0.0,0.0,0.21000000000000002,0.0,9.100792727272722,13.117917818181818,1.08,12.78440533333333,0.7400000000000001,0.524,0.524,0.0,18.611229333333334,12.20783854545454,3.488672,15.740162086956527,0.0,0.098,0.0,17.80726080000001,1.577140190476191,0.298,0.34600000000000003,0.974,13.509538909090912,0.0,17.03317669565218,5.277572869565219,2.4830443636363633,0.0,0.8240000000000001,1.0913760000000008,3.675955199999999,0.836,0.41800000000000004,1888
9,0.0,0.0,0.21500000000000002,0.0,9.107941818181814,13.128222545454545,1.0950000000000002,12.793615999999997,0.75,0.532,0.527,0.0,18.624638,12.217428363636358,3.4946560000000004,15.751992347826093,0.0,0.10400000000000001,0.0,17.82263840000001,1.5784377142857149,0.299,0.368,0.962,13.520151272727276,0.0,17.045978782608703,5.281539478260871,2.4849949090909087,0.0,0.837,1.0932480000000007,3.6791295999999987,0.833,0.43400000000000005,1889
10,0.0,0.0,0.22,0.0,9.115090909090906,13.138527272727272,1.11,12.802826666666663,0.76,0.54,0.53,0.0,18.638046666666668,12.227018181818176,3.5006400000000006,15.763822608695659,0.0,0.11,0.0,17.83801600000001,1.5797352380952387,0.3,0.39,0.95,13.53076363636364,0.0,17.058780869565226,5.285506086956524,2.486945454545454,0.0,0.85,1.0951200000000005,3.6823039999999985,0.83,0.45,1890
11,0.0,0.0,0.224,0.0,9.122239999999996,13.148831999999999,1.1400000000000001,12.812037333333329,0.762,0.543,0.536,0.0,18.651455333333335,12.236607999999993,3.5066240000000004,15.775652869565224,0.0,0.116,0.0,17.85339360000001,1.5810327619047626,0.309,0.45999999999999996,0.9789999999999999,13.541376000000003,0.0,17.07158295652175,5.289472695652176,2.4888959999999996,0.0,0.85,1.0969920000000006,3.6854783999999983,0.847,0.46,1891
12,0.0,0.0,0.228,0.0,9.129389090909086,13.159136727272726,1.1700000000000002,12.821247999999995,0.764,0.546,0.542,0.0,18.664864,12.24619781818181,3.512608,15.78748313043479,0.0,0.122,0.0,17.868771200000012,1.5823302857142865,0.318,0.53,1.008,13.551988363636367,0.0,17.08438504347827,5.293439304347828,2.490846545454545,0.0,0.85,1.0988640000000007,3.688652799999998,0.864,0.47000000000000003,1892
13,0.0,0.0,0.232,0.0,9.136538181818178,13.169441454545453,1.2000000000000002,12.830458666666662,0.766,0.549,0.548,0.0,18.67827266666667,12.255787636363628,3.5185920000000004,15.799313391304356,0.0,0.128,0.0,17.884148800000013,1.5836278095238103,0.327,0.6000000000000001,1.037,13.56260072727273,0.0,17.097187130434794,5.29740591304348,2.4927970909090904,0.0,0.85,1.1007360000000008,3.691827199999998,0.881,0.48000000000000004,1893
14,0.0,0.0,0.23600000000000002,0.0,9.14368727272727,13.17974618181818,1.2300000000000002,12.839669333333328,0.768,0.552,0.554,0.0,18.691681333333335,12.265377454545446,3.5245760000000006,15.811143652173921,0.0,0.134,0.0,17.899526400000013,1.5849253333333342,0.336,0.6700000000000002,1.0659999999999998,13.573213090909094,0.0,17.109989217391316,5.3013725217391325,2.494747636363636,0.0,0.85,1.102608000000001,3.6950015999999977,0.898,0.49000000000000005,1894
15,0.0,0.0,0.24000000000000002,0.0,9.150836363636362,13.190050909090907,1.2600000000000002,12.848879999999994,0.77,0.555,0.56,0.0,18.705090000000002,12.274967272727263,3.5305600000000004,15.822973913043487,0.0,0.14,0.0,17.914904000000014,1.586222857142858,0.34500000000000003,0.7400000000000001,1.0949999999999998,13.583825454545458,0.0,17.12279130434784,5.305339130434785,2.4966981818181813,0.0,0.85,1.1044800000000008,3.6981759999999975,0.915,0.5,1895
16,0.0,0.0,0.24400000000000002,0.0,9.157985454545452,13.200355636363634,1.2900000000000003,12.85809066666666,0.772,0.558,0.5660000000000001,0.0,18.71849866666667,12.284557090909082,3.5365440000000006,15.834804173913053,0.0,0.14600000000000002,0.0,17.930281600000015,1.587520380952382,0.35400000000000004,0.81,1.1239999999999999,13.594437818181822,0.0,17.13559339130436,5.309305739130437,2.4986487272727267,0.0,0.85,1.1063520000000007,3.7013503999999973,0.932,0.51,1896
17,0.0,0.0,0.24800000000000003,0.0,9.165134545454542,13.21066036363636,1.3200000000000003,12.867301333333327,0.774,0.561,0.5720000000000001,0.0,18.731907333333336,12.2941469090909,3.542528000000001,15.846634434782619,0.0,0.15200000000000002,0.0,17.945659200000016,1.5888179047619058,0.36300000000000004,0.8800000000000001,1.153,13.605050181818186,0.0,17.148395478260884,5.313272347826089,2.500599272727272,0.0,0.85,1.1082240000000005,3.704524799999997,0.9490000000000001,0.52,1897
18,0.0,0.0,0.252,0.0,9.172283636363634,13.220965090909088,1.35,12.876511999999993,0.776,0.5640000000000001,0.5780000000000001,0.0,18.745316000000003,12.303736727272717,3.5485120000000006,15.858464695652184,0.0,0.15800000000000003,0.0,17.961036800000016,1.5901154285714296,0.37200000000000005,0.9500000000000001,1.182,13.61566254545455,0.0,17.161197565217407,5.3172389565217415,2.5025498181818175,0.0,0.85,1.1100960000000004,3.707699199999997,0.9660000000000001,0.53,1898
19,0.0,0.0,0.256,0.0,9.179432727272726,13.231269818181815,1.38,12.885722666666659,0.778,0.567,0.5840000000000001,0.0,18.75872466666667,12.313326545454537,3.5544960000000003,15.87029495652175,0.0,0.16400000000000003,0.0,17.976414400000017,1.5914129523809535,0.381,1.02,1.2109999999999999,13.626274909090913,0.0,17.17399965217393,5.321205565217394,2.504500363636363,0.0,0.85,1.1119680000000005,3.710873599999997,0.9830000000000001,0.54,1899
20,0.0,0.0,0.26,0.0,9.186581818181818,13.241574545454542,1.41,12.894933333333325,0.78,0.57,0.59,0.0,18.772133333333336,12.322916363636356,3.56048,15.882125217391316,0.0,0.17,0.0,17.991792000000018,1.5927104761904773,0.39,1.09,1.24,13.636887272727277,0.0,17.186801739130452,5.325172173913046,2.5064509090909084,0.0,0.85,1.1138400000000006,3.7140479999999974,1.0,0.55,1900
21,0.11199999999999988,0.0,0.277,0.0,9.193730909090908,13.251879272727269,1.444,12.904143999999992,0.792,0.594,0.7309999999999999,0.0,18.785542000000003,12.332506181818173,3.5664640000000003,15.893955478260882,0.0,0.171,0.0,18.00716960000002,1.5940080000000012,0.39,1.116,1.234,13.64749963636364,0.0,17.199603826086975,5.329138782608698,2.508401454545454,0.0019999999999999983,0.868,1.1157120000000005,3.717222399999997,1.038,0.551,1901
22,0.22399999999999987,0.0,0.29400000000000004,0.0,9.200879999999998,13.262183999999996,1.478,12.913354666666658,0.804,0.618,0.8719999999999999,0.0,18.79895066666667,12.34209599999999,3.5724480000000005,15.905785739130447,0.0,0.17200000000000001,0.0,18.02254720000002,1.595305523809525,0.39,1.1420000000000001,1.228,13.658112000000004,0.0,17.212405913043497,5.3331053913043505,2.5103519999999993,0.004,0.886,1.1175840000000004,3.7203967999999974,1.076,0.552,1902
23,0.33599999999999985,0.0,0.31100000000000005,0.0,9.20802909090909,13.272488727272723,1.512,12.922565333333324,0.8160000000000001,0.642,1.013,0.0,18.812359333333337,12.35168581818181,3.5784320000000003,15.917616000000013,0.0,0.17300000000000001,0.0,18.03792480000002,1.596603047619049,0.39,1.1680000000000001,1.222,13.668724363636368,0.0,17.22520800000002,5.337072000000003,2.5123025454545447,0.006,0.904,1.1194560000000005,3.7235711999999976,1.114,0.553,1903
24,0.44799999999999995,0.0,0.32800000000000007,0.0,9.21517818181818,13.28279345454545,1.546,12.93177599999999,0.8280000000000001,0.666,1.154,0.0,18.825768000000004,12.361275636363628,3.5844160000000005,15.929446260869579,0.0,0.17400000000000002,0.0,18.05330240000002,1.5979005714285728,0.39,1.1940000000000002,1.216,13.679336727272732,0.0,17.238010086956542,5.341038608695655,2.51425309090909,0.008,0.922,1.1213280000000003,3.7267455999999974,1.1520000000000001,0.554,1904
25,0.5599999999999999,0.0,0.3450000000000001,0.0,9.22232727272727,13.293098181818177,1.58,12.940986666666657,0.8400000000000001,0.6900000000000001,1.295,0.0,18.83917666666667,12.370865454545445,3.5904000000000007,15.941276521739145,0.0,0.17500000000000002,0.0,18.068680000000022,1.5991980952380966,0.39,1.2200000000000002,1.21,13.689949090909096,0.0,17.250812173913065,5.345005217391307,2.5162036363636355,0.01,0.9400000000000001,1.1232000000000002,3.7299199999999972,1.1900000000000002,0.555,1905
26,0.6719999999999999,0.0,0.3620000000000001,0.0,9.22947636363636,13.303402909090904,1.614,12.950197333333323,0.8520000000000001,0.7140000000000001,1.436,0.0,18.852585333333337,12.380455272727263,3.5963840000000005,15.95310678260871,0.0,0.17600000000000002,0.0,18.084057600000023,1.6004956190476205,0.39,1.2460000000000002,1.204,13.70056145454546,0.0,17.263614260869588,5.348971826086959,2.518154181818181,0.012,0.9580000000000001,1.1250720000000003,3.7330943999999975,1.2280000000000002,0.556,1906
27,0.784,0.0,0.37900000000000006,0.0,9.23662545454545,13.313707636363631,1.6480000000000001,12.95940799999999,0.8640000000000001,0.7380000000000001,1.577,0.0,18.865994000000004,12.39004509090908,3.6023680000000002,15.964937043478276,0.0,0.17700000000000002,0.0,18.099435200000023,1.6017931428571444,0.39,1.2720000000000002,1.198,13.711173818181823,0.0,17.27641634782611,5.352938434782612,2.5201047272727264,0.014,0.9760000000000001,1.1269440000000004,3.7362687999999977,1.266,0.557,1907
28,0.896,0.0,0.396,0.0,9.243774545454542,13.324012363636358,1.6820000000000002,12.968618666666655,0.8760000000000001,0.7620000000000001,1.718,0.0,18.87940266666667,12.3996349090909,3.608352,15.976767304347842,0.0,0.17800000000000002,0.0,18.114812800000024,1.6030906666666682,0.39,1.2980000000000003,1.192,13.721786181818187,0.0,17.289218434782633,5.356905043478264,2.522055272727272,0.016,0.9940000000000001,1.1288160000000003,3.7394431999999975,1.304,0.558,1908
29,1.008,0.0,0.41300000000000003,0.0,9.250923636363634,13.334317090909085,1.7160000000000002,12.977829333333322,0.8880000000000001,0.786,1.859,0.0,18.892811333333338,12.409224727272717,3.614336,15.988597565217407,0.0,0.179,0.0,18.130190400000025,1.604388190476192,0.39,1.3240000000000003,1.186,13.73239854545455,0.0,17.302020521739156,5.360871652173916,2.5240058181818172,0.018000000000000002,1.012,1.1306880000000001,3.7426175999999978,1.342,0.559,1909
30,1.12,0.0,0.43,0.0,9.258072727272724,13.344621818181812,1.75,12.987039999999988,0.9,0.81,2.0,0.0,18.906220000000005,12.418814545454534,3.6203200000000004,16.000427826086973,0.0,0.18,0.0,18.145568000000026,1.605685714285716,0.39,1.35,1.18,13.743010909090914,0.0,17.31482260869568,5.364838260869568,2.5259563636363627,0.02,1.03,1.1325600000000002,3.745791999999998,1.38,0.56,1910
31,1.1740000000000002,0.0,0.439,0.005999999999999998,9.265221818181814,13.35492654545454,1.846,12.996250666666654,0.895,0.793,2.141,0.0,18.91962866666667,12.428404363636353,3.626304,16.01225808695654,0.0,0.18,0.0,18.160945600000026,1.6069832380952398,0.44999999999999996,1.399,1.171,13.753623272727278,0.0,17.3276246956522,5.368804869565221,2.527906909090908,0.022,1.041,1.1344320000000003,3.748966399999998,1.3809999999999998,0.5740000000000001,1911
32,1.2280000000000002,0.0,0.448,0.011999999999999997,9.272370909090906,13.365231272727266,1.9420000000000002,13.00546133333332,0.89,0.776,2.282,0.0,18.93303733333334,12.437994181818171,3.6322880000000004,16.024088347826105,0.0,0.18,0.0,18.176323200000027,1.6082807619047637,0.51,1.448,1.1620000000000001,13.764235636363642,0.0,17.340426782608723,5.372771478260873,2.5298574545454535,0.024,1.0519999999999998,1.1363040000000002,3.752140799999998,1.382,0.5880000000000001,1912
33,1.282,0.0,0.457,0.017999999999999995,9.279519999999998,13.375535999999993,2.0380000000000003,13.014671999999987,0.885,0.759,2.423,0.0,18.946446000000005,12.447583999999988,3.6382720000000006,16.03591860869567,0.0,0.18,0.0,18.191700800000028,1.6095782857142875,0.5700000000000001,1.4969999999999999,1.153,13.774848000000006,0.0,17.353228869565246,5.376738086956525,2.531807999999999,0.026000000000000002,1.0629999999999997,1.138176,3.7553151999999983,1.383,0.6020000000000001,1913
34,1.336,0.0,0.466,0.023999999999999994,9.286669090909088,13.38584072727272,2.1340000000000003,13.023882666666653,0.88,0.742,2.564,0.0,18.959854666666672,12.457173818181808,3.6442560000000004,16.047748869565236,0.0,0.18,0.0,18.20707840000003,1.6108758095238114,0.6300000000000001,1.5459999999999998,1.1440000000000001,13.78546036363637,0.0,17.36603095652177,5.380704695652177,2.5337585454545444,0.028000000000000004,1.0739999999999998,1.1400480000000002,3.758489599999998,1.384,0.6160000000000001,1914
35,1.3900000000000001,0.0,0.47500000000000003,0.029999999999999992,9.293818181818178,13.396145454545447,2.2300000000000004,13.03309333333332,0.875,0.725,2.705,0.0,18.97326333333334,12.466763636363627,3.65024,16.059579130434802,0.0,0.18,0.0,18.22245600000003,1.6121733333333352,0.6900000000000002,1.5949999999999998,1.1350000000000002,13.796072727272733,0.0,17.37883304347829,5.38467130434783,2.53570909090909,0.030000000000000002,1.085,1.1419200000000003,3.761663999999998,1.3849999999999998,0.6300000000000001,1915
36,1.4440000000000002,0.0,0.48400000000000004,0.03599999999999999,9.30096727272727,13.406450181818174,2.3260000000000005,13.042303999999985,0.87,0.708,2.846,0.0,18.986672000000006,12.476353454545444,3.6562240000000004,16.071409391304368,0.0,0.18,0.0,18.23783360000003,1.613470857142859,0.7500000000000001,1.644,1.1260000000000001,13.806685090909097,0.0,17.391635130434814,5.388637913043482,2.5376596363636352,0.032,1.0959999999999999,1.1437920000000001,3.7648383999999977,1.386,0.6440000000000001,1916
37,1.4980000000000002,0.0,0.49300000000000005,0.041999999999999996,9.30811636363636,13.416754909090901,2.4220000000000006,13.051514666666652,0.865,0.691,2.987,0.0,19.000080666666673,12.485943272727262,3.6622080000000006,16.083239652173933,0.0,0.18,0.0,18.25321120000003,1.614768380952383,0.81,1.693,1.117,13.81729745454546,0.0,17.404437217391337,5.392604521739134,2.5396101818181807,0.034,1.1069999999999998,1.145664,3.7680127999999975,1.387,0.6580000000000001,1917
38,1.552,0.0,0.502,0.047999999999999994,9.31526545454545,13.427059636363628,2.5180000000000002,13.060725333333318,0.86,0.6739999999999999,3.128,0.0,19.01348933333334,12.495533090909081,3.6681920000000003,16.0950699130435,0.0,0.18,0.0,18.268588800000032,1.6160659047619068,0.87,1.742,1.108,13.827909818181825,0.0,17.41723930434786,5.396571130434786,2.541560727272726,0.036000000000000004,1.1179999999999999,1.1475360000000001,3.7711871999999973,1.388,0.672,1918
39,1.6059999999999999,0.0,0.511,0.05399999999999999,9.322414545454542,13.437364363636355,2.614,13.069935999999984,0.855,0.657,3.269,0.0,19.026898000000006,12.505122909090899,3.674176,16.106900173913065,0.0,0.18,0.0,18.283966400000033,1.6173634285714307,0.9299999999999999,1.791,1.0990000000000002,13.838522181818188,0.0,17.430041391304382,5.4005377391304386,2.5435112727272715,0.038000000000000006,1.129,1.1494080000000002,3.774361599999997,1.3889999999999998,0.6859999999999999,1919
40,1.66,0.0,0.52,0.06,9.329563636363634,13.447669090909082,2.71,13.07914666666665,0.85,0.64,3.41,0.0,19.040306666666673,12.514712727272716,3.6801600000000003,16.11873043478263,0.0,0.18,0.0,18.299344000000033,1.6186609523809545,0.99,1.84,1.09,13.849134545454552,0.0,17.442843478260905,5.404504347826091,2.545461818181817,0.04,1.14,1.15128,3.7775359999999973,1.39,0.7,1920
41,1.7049999999999998,0.11999999999999988,0.524,0.08499999999999999,9.336712727272726,13.45797381818181,2.75,13.088357333333317,1.062,0.681,3.551,0.006999999999999992,19.05371533333334,12.524302545454535,3.6861440000000005,16.130560695652196,0.007999999999999993,0.183,0.0,18.314721600000034,1.6199584761904784,0.994,1.899,1.2200000000000002,13.859746909090916,0.0,17.455645565217427,5.408470956521743,2.5474123636363624,0.043000000000000003,1.285,1.153152,3.7807103999999976,1.4749999999999999,0.6859999999999999,1921
42,1.7499999999999998,0.23999999999999988,0.528,0.10999999999999999,9.343861818181816,13.468278545454536,2.79,13.097567999999983,1.274,0.722,3.692,0.013999999999999992,19.067124000000007,12.533892363636353,3.6921280000000003,16.142390956521762,0.016,0.186,0.0,18.330099200000035,1.6212560000000023,0.998,1.958,1.35,13.87035927272728,0.0,17.46844765217395,5.412437565217395,2.549362909090908,0.046,1.43,1.155024,3.783884799999998,1.56,0.6719999999999999,1922
43,1.795,0.3599999999999999,0.532,0.13499999999999998,9.351010909090906,13.478583272727263,2.83,13.10677866666665,1.486,0.763,3.833,0.02099999999999999,19.080532666666674,12.54348218181817,3.698112,16.154221217391328,0.024,0.189,0.0,18.345476800000036,1.622553523809526,1.002,2.017,1.48,13.880971636363643,0.0,17.481249739130472,5.4164041739130475,2.551313454545453,0.049,1.575,1.1568960000000001,3.787059199999998,1.645,0.6579999999999999,1923
44,1.8399999999999999,0.47999999999999987,0.536,0.15999999999999998,9.358159999999996,13.48888799999999,2.87,13.115989333333316,1.698,0.804,3.974,0.027999999999999997,19.09394133333334,12.55307199999999,3.7040960000000003,16.166051478260894,0.032,0.192,0.0,18.360854400000036,1.62385104761905,1.006,2.076,1.6099999999999999,13.891584000000007,0.0,17.494051826086995,5.4203707826087,2.5532639999999986,0.052000000000000005,1.72,1.158768,3.790233599999998,1.73,0.6439999999999999,1924
45,1.8849999999999998,0.5999999999999999,0.54,0.18499999999999997,9.365309090909086,13.499192727272717,2.91,13.125199999999982,1.91,0.845,4.115,0.034999999999999996,19.107350000000007,12.562661818181809,3.7100800000000005,16.17788173913046,0.04,0.195,0.0,18.376232000000037,1.6251485714285738,1.01,2.1350000000000002,1.74,13.90219636363637,0.0,17.506853913043518,5.424337391304352,2.555214545454544,0.05500000000000001,1.8649999999999998,1.16064,3.7934079999999977,1.815,0.6299999999999999,1925
46,1.9299999999999997,0.7199999999999999,0.544,0.20999999999999996,9.372458181818178,13.509497454545444,2.95,13.134410666666648,2.122,0.886,4.256,0.041999999999999996,19.120758666666674,12.572251636363628,3.7160640000000003,16.189712000000025,0.048,0.198,0.0,18.391609600000038,1.6264460952380977,1.014,2.1940000000000004,1.87,13.912808727272735,0.0,17.51965600000004,5.428304000000004,2.5571650909090895,0.05800000000000001,2.01,1.162512,3.7965823999999975,1.9,0.6159999999999999,1926
47,1.9749999999999996,0.8399999999999999,0.548,0.235,9.37960727272727,13.519802181818172,2.99,13.143621333333314,2.334,0.927,4.397,0.049,19.13416733333334,12.581841454545447,3.722048,16.20154226086959,0.056,0.201,0.0,18.40698720000004,1.6277436190476215,1.018,2.253,2.0,13.923421090909098,0.0,17.532458086956563,5.4322706086956565,2.559115636363635,0.06100000000000001,2.155,1.164384,3.7997567999999977,1.9849999999999999,0.6019999999999999,1927
48,2.0199999999999996,0.9599999999999999,0.552,0.26,9.38675636363636,13.530106909090899,3.0300000000000002,13.15283199999998,2.5460000000000003,0.9680000000000001,4.538,0.056,19.147576000000008,12.591431272727267,3.7280320000000002,16.213372521739156,0.064,0.20400000000000001,0.0,18.42236480000004,1.6290411428571454,1.022,2.3120000000000003,2.13,13.934033454545462,0.0,17.545260173913086,5.436237217391309,2.5610661818181804,0.06400000000000002,2.3,1.166256,3.802931199999998,2.07,0.588,1928
49,2.0649999999999995,1.0799999999999998,0.556,0.28500000000000003,9.39390545454545,13.540411636363626,3.0700000000000003,13.162042666666647,2.758,1.0090000000000001,4.679,0.063,19.160984666666675,12.601021090909086,3.7340160000000004,16.225202782608722,0.07200000000000001,0.20700000000000002,0.0,18.43774240000004,1.6303386666666693,1.026,2.3710000000000004,2.26,13.944645818181826,0.0,17.558062260869608,5.440203826086961,2.563016727272726,0.067,2.445,1.1681279999999998,3.806105599999998,2.1550000000000002,0.5740000000000001,1929
50,2.11,1.2,0.56,0.31,9.401054545454542,13.550716363636353,3.11,13.171253333333313,2.97,1.05,4.82,0.07,19.17439333333334,12.610610909090903,3.74,16.237033043478288,0.08,0.21,0.0,18.45312000000004,1.6316361904761931,1.03,2.43,2.39,13.95525818181819,0.0,17.57086434782613,5.444170434782613,2.564967272727271,0.07,2.59,1.17,3.8092799999999984,2.24,0.56,1930
51,2.237337517666667,1.6597287659999989,0.8753368790000007,0.5702578843999992,9.408203636363632,13.56102109090908,3.321756861,13.18046399999998,3.142478025533334,1.4162699029999999,5.171633476333334,0.27090076340000024,19.18780200000001,12.62020072727272,3.851813162,16.248863304347854,0.4345711140000006,0.3186937394,0.0,18.468497600000042,1.632933714285717,1.315801514833332,2.729244427000001,2.5113615259666666,13.965870545454553,0.19026000000000032,17.583666434782653,5.448137043478265,2.5669178181818166,0.3682800000000004,2.8493887666666664,1.2752302593333331,3.8124543999999987,2.488508897400001,0.7481089193333341,1931
52,2.3646750353333337,2.1194575319999984,1.1906737580000009,0.8305157687999998,9.415352727272722,13.571325818181807,3.5335137219999995,13.189674666666646,3.314956051066668,1.7825398060000008,5.523266952666667,0.4718015268000002,19.201210666666675,12.629790545454538,3.9636263240000003,16.26069356521742,0.7891422280000011,0.42738747880000005,0.0,18.483875200000043,1.6342312380952408,1.6016030296666663,3.028488854000001,2.6327230519333336,13.976482909090917,0.38052000000000064,17.596468521739176,5.452103652173918,2.568868363636362,0.6665600000000005,3.108777533333333,1.3804605186666663,3.815628799999999,2.7370177948000007,0.9362178386666677,1932
53,2.4920125530000004,2.579186297999998,1.506010637000001,1.0907736531999994,9.422501818181814,13.581630545454534,3.745270583,13.198885333333312,3.4874340766000014,2.148809709,5.874900429,0.6727022902000002,19.214619333333342,12.639380363636356,4.0754394860000005,16.272523826086985,1.1437133419999999,0.5360812182000001,0.0,18.499252800000043,1.6355287619047647,1.887404544499999,3.3277332810000004,2.7540845779000005,13.98709527272728,0.570780000000001,17.6092706086957,5.45607026086957,2.5708189090909075,0.9648399999999988,3.3681663000000004,1.485690778,3.8188031999999987,2.9855266922000006,1.1243267580000005,1933
54,2.619350070666667,3.0389150639999993,1.8213475160000012,1.3510315376,9.429650909090906,13.59193527272726,3.9570274439999995,13.208095999999978,3.659912102133334,2.515079612000001,6.2265339053333335,0.8736030536000001,19.22802800000001,12.648970181818175,4.187252648000001,16.28435408695655,1.4982844559999986,0.6447749576000001,0.0,18.514630400000044,1.6368262857142886,2.1732060593333324,3.626977708,2.875446103866667,13.997707636363645,0.7610400000000013,17.62207269565222,5.460036869565222,2.572769454545453,1.263119999999999,3.627555066666667,1.5909210373333331,3.8219775999999985,3.2340355896000004,1.312435677333334,1934
55,2.7466875883333337,3.498643829999999,2.1366843950000014,1.6112894219999996,9.436799999999998,13.602239999999988,4.168784305,13.217306666666644,3.8323901276666676,2.881349515,6.578167381666667,1.074503817,19.241436666666676,12.658559999999994,4.299065810000002,16.296184347826117,1.8528555699999991,0.7534686970000002,0.0,18.530008000000045,1.6381238095238124,2.459007574166666,3.9262221350000006,2.9968076298333335,14.008320000000008,0.9513000000000016,17.634874782608744,5.464003478260874,2.5747199999999983,1.561399999999999,3.8869438333333335,1.6961512966666663,3.8251519999999988,3.482544487,1.5005445966666677,1935
56,2.8740251060000004,3.9583725959999985,2.4520212740000016,1.8715473064,9.443949090909088,13.612544727272715,4.3805411659999995,13.22651733333331,4.004868153200001,3.247619418000001,6.929800858,1.2754045804,19.254845333333343,12.668149818181814,4.410878972000002,16.308014608695682,2.2074266839999996,0.8621624364000002,0.0,18.545385600000046,1.6394213333333363,2.7448090889999994,4.225466562,3.1181691558,14.018932363636372,1.141560000000002,17.647676869565267,5.467970086956527,2.5766705454545438,1.8596799999999991,4.1463326,1.8013815559999995,3.828326399999999,3.731053384400001,1.6886535160000014,1936
57,3.0013626236666666,4.418101362,2.7673581530000018,2.1318051907999997,9.451098181818178,13.622849454545442,4.592298027,13.235727999999977,4.177346178733334,3.6138893210000003,7.281434334333333,1.4763053438,19.26825400000001,12.677739636363631,4.5226921340000015,16.319844869565248,2.5619977979999984,0.9708561758000003,0.0,18.560763200000046,1.6407188571428601,3.030610603833333,4.524710989,3.2395306817666665,14.029544727272736,1.3318200000000022,17.66047895652179,5.471936695652179,2.578621090909089,2.157959999999999,4.405721366666667,1.9066118153333327,3.831500799999999,3.9795622818000007,1.876762435333335,1937
58,3.1287001413333333,4.877830127999999,3.082695032000002,2.3920630751999994,9.458247272727268,13.633154181818169,4.804054888,13.244938666666643,4.3498242042666675,3.980159224000001,7.633067810666667,1.6772061072,19.281662666666676,12.687329454545448,4.634505296000001,16.331675130434814,2.916568911999998,1.0795499152000003,0.0,18.576140800000047,1.6420163809523838,3.3164121186666664,4.823955416,3.360892207733333,14.0401570909091,1.5220800000000017,17.673281043478312,5.475903304347831,2.5805716363636346,2.4562399999999993,4.665110133333333,2.011842074666666,3.8346751999999986,4.2280711792000005,2.0648713546666686,1938
59,3.256037659,5.337558893999999,3.3980319110000012,2.6523209596,9.465396363636359,13.643458909090896,5.015811749,13.25414933333331,4.522302229800001,4.346429127,7.984701287,1.8781068706,19.295071333333343,12.696919272727266,4.746318458000001,16.34350539130438,3.2711400259999976,1.1882436546000004,0.0,18.591518400000044,1.6433139047619076,3.6022136335,5.123199843,3.4822537336999995,14.050769454545463,1.712340000000002,17.68608313043483,5.479869913043483,2.58252218181818,2.7545199999999994,4.9244989,2.117072333999999,3.837849599999999,4.4765800766,2.252980274000002,1939
60,3.3833751766666667,5.7972876599999985,3.7133687900000014,2.9125788439999996,9.47254545454545,13.653763636363623,5.22756861,13.263359999999976,4.694780255333335,4.7126990300000005,8.336334763333333,2.079007634,19.30848000000001,12.706509090909083,4.858131620000001,16.355335652173945,3.625711139999998,1.2969373940000004,0.0,18.60689600000004,1.6446114285714315,3.8880151483333325,5.42244427,3.603615259666666,14.061381818181827,1.9026000000000014,17.69888521739135,5.483836521739136,2.5844727272727255,3.0527999999999995,5.183887666666667,2.2223025933333322,3.841023999999999,4.725088974,2.441089193333335,1940
61,3.5107126943333333,6.257016425999998,4.028705669000002,3.1728367284,9.479694545454542,13.66406836363635,5.439325470999999,13.272570666666642,4.867258280866668,5.0789689330000005,8.687968239666667,2.2799083974,19.321888666666677,12.716098909090901,4.969944782000001,16.36716591304351,3.9802822539999987,1.4056311334000005,0.0,18.622273600000042,1.6459089523809551,4.173816663166666,5.721688697,3.724976785633333,14.07199418181819,2.0928600000000017,17.71168730434787,5.487803130434788,2.586423272727271,3.3510799999999996,5.443276433333334,2.327532852666666,3.844198399999999,4.9735978714,2.629198112666668,1941
62,3.638050212,6.716745191999998,4.344042548000001,3.4330946127999997,9.486843636363634,13.674373090909077,5.651082332,13.281781333333308,5.039736306400002,5.445238836000001,9.039601716,2.4808091608000002,19.335297333333344,12.725688727272718,5.081757944000001,16.378996173913077,4.334853367999998,1.5143248728000005,0.0,18.63765120000004,1.6472064761904788,4.4596181779999995,6.020933124,3.8463383116,14.082606545454555,2.283120000000001,17.72448939130439,5.49176973913044,2.5883738181818163,3.6493599999999997,5.7026652,2.432763111999999,3.847372799999999,5.2221067688,2.8173070320000018,1942
63,3.7653877296666667,7.176473957999997,4.659379427000001,3.6933524972000003,9.493992727272726,13.684677818181804,5.862839192999999,13.290991999999974,5.212214331933335,5.811508739000001,9.391235192333333,2.6817099242,19.34870600000001,12.735278545454538,5.193571106000001,16.390826434782642,4.689424481999998,1.6230186122000003,0.0,18.653028800000037,1.6485040000000026,4.745419692833333,6.3201775510000004,3.9676998375666668,14.093218909090918,2.4733800000000015,17.737291478260914,5.495736347826092,2.5903243636363618,3.94764,5.962053966666667,2.5379933713333322,3.8505471999999994,5.4706156662,3.005415951333335,1943
64,3.8927252473333334,7.636202723999998,4.974716306000001,3.9536103816,9.501141818181816,13.69498254545453,6.074596053999999,13.300202666666642,5.384692357466669,6.177778642000001,9.742868668666667,2.8826106876,19.362114666666677,12.744868363636357,5.305384268000001,16.402656695652208,5.0439955959999985,1.7317123516000004,0.0,18.668406400000038,1.6498015238095265,5.0312212076666665,6.619421978,4.089061363533333,14.103831272727282,2.663640000000002,17.750093565217433,5.499702956521745,2.592274909090907,4.24592,6.221442733333333,2.6432236306666654,3.853721599999999,5.719124563599999,3.193524870666668,1944
65,4.0200627650000005,8.095931489999998,5.290053185000001,4.213868266,9.508290909090906,13.705287272727258,6.286352914999998,13.30941333333331,5.5571703830000025,6.544048545000001,10.094502145,3.083511451,19.375523333333344,12.754458181818174,5.417197430000001,16.414486956521774,5.398566709999999,1.8404060910000004,0.0,18.68378400000004,1.6510990476190501,5.3170227225,6.918666405,4.2104228895,14.114443636363646,2.853900000000001,17.762895652173952,5.503669565217397,2.5942254545454526,4.5442,6.4808315,2.7484538899999986,3.856895999999999,5.967633460999999,3.3816337900000013,1945
66,4.147400282666667,8.555660255999998,5.605390064000002,4.474126150400001,9.515439999999998,13.715591999999985,6.498109775999999,13.318623999999977,5.729648408533336,6.910318448000001,10.446135621333333,3.2844122144,19.38893200000001,12.764047999999992,5.529010592000001,16.42631721739134,5.7531378239999995,1.9490998304000002,0.0,18.699161600000036,1.6523965714285738,5.6028242373333335,7.217910832,4.331784415466666,14.12505600000001,3.0441600000000015,17.775697739130475,5.507636173913049,2.596175999999998,4.84248,6.740220266666666,2.853684149333332,3.860070399999999,6.216142358399999,3.5697427093333345,1946
67,4.274737800333334,9.015389021999997,5.920726943000002,4.734384034800001,9.52258909090909,13.725896727272712,6.709866636999999,13.327834666666643,5.90212643406667,7.276588351000001,10.797769097666666,3.4853129778000005,19.402340666666678,12.773637818181811,5.640823754,16.438147478260905,6.107708937999999,2.0577935698000003,0.0,18.714539200000033,1.6536940952380976,5.888625752166666,7.517155259,4.453145941433333,14.135668363636373,3.234420000000001,17.788499826086998,5.511602782608701,2.5981265454545435,5.14076,6.999609033333334,2.958914408666665,3.863244799999999,6.4646512558,3.757851628666668,1947
68,4.4020753180000005,9.475117787999999,6.236063822000002,4.994641919200001,9.52973818181818,13.736201454545439,6.921623497999999,13.33704533333331,6.074604459600003,7.642858254000001,11.149402574,3.6862137412000004,19.415749333333345,12.78322763636363,5.752636916,16.44997773913047,6.462280052,2.1664873092000003,0.0,18.729916800000034,1.6549916190476215,6.1744272669999996,7.8163996860000005,4.5745074674,14.146280727272737,3.4246800000000013,17.801301913043517,5.5155693913043535,2.600077090909089,5.43904,7.2589978,3.064144667999998,3.8664191999999993,6.7131601532000005,3.9459605480000013,1948
69,4.529412835666667,9.934846553999998,6.551400701000002,5.254899803600001,9.53688727272727,13.746506181818166,7.133380358999999,13.346255999999975,6.247082485133337,8.009128157000001,11.501036050333333,3.8871145046000004,19.42915800000001,12.792817454545448,5.864450078,16.461808000000037,6.816851165999999,2.2751810486000004,0.0,18.745294400000034,1.6562891428571453,6.460228781833333,8.115644113,4.695868993366666,14.1568930909091,3.6149400000000016,17.814104000000036,5.519536000000006,2.6020276363636343,5.73732,7.518386566666667,3.169374927333332,3.869593599999999,6.961669050600001,4.134069467333335,1949
70,4.656750353333334,10.394575319999998,6.866737580000002,5.515157688,9.544036363636362,13.756810909090893,7.34513722,13.355466666666644,6.4195605106666696,8.37539806,11.852669526666666,4.088015268,19.44256666666668,12.802407272727265,5.97626324,16.473638260869603,7.17142228,2.3838747880000004,0.0,18.76067200000003,1.657586666666669,6.746030296666666,8.41488854,4.817230519333333,14.167505454545465,3.805200000000001,17.826906086956555,5.523502608695658,2.6039781818181797,6.0356000000000005,7.777775333333334,3.2746051866666654,3.872767999999999,7.210177948000001,4.3221783866666685,1950
71,4.7840878710000005,10.854304085999999,7.1820744590000025,5.7754155724,9.551185454545452,13.76711563636362,7.556894081,13.36467733333331,6.592038536200002,8.741667963000001,12.204303003,4.2889160314,19.455975333333345,12.811997090909085,6.0880764019999996,16.48546852173917,7.525993394,2.4925685274000005,0.0,18.77604960000003,1.6588841904761926,7.031831811499999,8.714132967,4.9385920453,14.178117818181828,3.9954600000000013,17.839708173913078,5.52746921739131,2.605928727272725,6.333880000000001,8.037164100000002,3.379835445999999,3.875942399999999,7.458686845400001,4.510287306000002,1951
72,4.911425388666667,11.314032851999999,7.497411338000003,6.0356734568,9.558334545454542,13.777420363636347,7.768650942000001,13.373887999999976,6.764516561733336,9.107937866,12.555936479333333,4.4898167948,19.469384000000012,12.821586909090902,6.199889563999999,16.497298782608734,7.880564508000001,2.6012622668000005,0.0,18.79142720000003,1.6601817142857165,7.317633326333333,9.013377393999999,5.059953571266667,14.188730181818192,4.185720000000001,17.8525102608696,5.5314358260869625,2.6078792727272706,6.632160000000001,8.29655286666667,3.4850657053333327,3.8791167999999994,7.707195742800001,4.698396225333335,1952
73,5.038762906333334,11.773761617999998,7.812748217000003,6.295931341199999,9.565483636363634,13.787725090909074,7.980407803,13.383098666666644,6.936994587266669,9.474207769,12.907569955666666,4.6907175582,19.48279266666668,12.83117672727272,6.311702725999999,16.5091290434783,8.235135622000001,2.7099560062000005,0.0,18.80680480000003,1.6614792380952403,7.603434841166666,9.312621820999999,5.181315097233334,14.199342545454556,4.375980000000001,17.86531234782612,5.535402434782615,2.609829818181816,6.930440000000001,8.555941633333335,3.590295964666666,3.882291199999999,7.9557046402000005,4.886505144666668,1953
74,5.166100424000001,12.233490384,8.128085096000003,6.556189225599999,9.572632727272726,13.798029818181801,8.192164664,13.392309333333312,7.109472612800003,9.840477671999999,13.259203432,4.8916183216,19.496201333333346,12.840766545454539,6.423515887999999,16.520959304347866,8.589706736,2.8186497456000006,0.0,18.822182400000028,1.662776761904764,7.889236356,9.611866247999998,5.3026766232,14.20995490909092,4.566240000000001,17.878114434782642,5.539369043478267,2.6117803636363615,7.228720000000001,8.8153304,3.695526223999999,3.8854655999999994,8.204213537600001,5.074614064,1954
75,5.293437941666667,12.69321915,8.443421975000003,6.816447109999999,9.579781818181816,13.808334545454528,8.403921525,13.401519999999978,7.281950638333336,10.206747575,13.610836908333333,5.092519085,19.509610000000013,12.850356363636358,6.53532905,16.53278956521743,8.94427785,2.9273434850000006,0.0,18.837560000000025,1.6640742857142876,8.175037870833332,9.911110674999998,5.424038149166667,14.220567272727283,4.756500000000002,17.890916521739165,5.543335652173919,2.613730909090907,7.527000000000001,9.074719166666668,3.8007564833333327,3.8886399999999997,8.452722435000002,5.262722983333334,1955
76,5.420775459333334,13.152947915999999,8.758758854000003,7.076704994399999,9.586930909090906,13.818639272727255,8.615678385999999,13.410730666666645,7.454428663866668,10.573017478,13.962470384666666,5.2934198484,19.52301866666668,12.859946181818177,6.647142211999999,16.544619826086997,9.298848964000001,3.0360372244000007,0.0,18.852937600000025,1.6653718095238115,8.460839385666667,10.210355101999998,5.545399675133334,14.231179636363647,4.946760000000001,17.903718608695684,5.5473022608695715,2.6156814545454523,7.825280000000001,9.334107933333334,3.9059867426666663,3.8918143999999995,8.7012313324,5.450831902666668,1956
77,5.548112977000001,13.612676682,9.074095733000004,7.3369628788,9.594079999999998,13.828943999999982,8.827435247,13.419941333333313,7.626906689400002,10.939287381,14.314103861,5.4943206118,19.536427333333346,12.869535999999995,6.758955373999999,16.556450086956563,9.653420078,3.1447309638000007,0.0,18.868315200000026,1.6666693333333353,8.746640900500001,10.509599528999999,5.6667612011,14.24179200000001,5.137020000000001,17.916520695652206,5.551268869565224,2.6176319999999977,8.123560000000001,9.5934967,4.0112170019999995,3.8949887999999993,8.9497402298,5.638940822,1957
78,5.675450494666667,14.072405448,9.389432612000002,7.5972207632,9.601229090909088,13.83924872727271,9.039192108,13.42915199999998,7.799384714933335,11.305557284,14.665737337333333,5.6952213752,19.549836000000013,12.879125818181812,6.870768536,16.56828034782613,10.007991192,3.2534247032000003,0.0,18.883692800000023,1.667966857142859,9.032442415333334,10.808843955999999,5.788122727066667,14.252404363636375,5.327280000000001,17.92932278260873,5.555235478260876,2.619582545454543,8.42184,9.852885466666667,4.116447261333333,3.8981631999999995,9.1982491272,5.827049741333334,1958
79,5.802788012333334,14.532134214,9.704769491,7.857478647600001,9.608378181818178,13.849553454545436,9.250948969,13.438362666666647,7.971862740466667,11.671827187000002,15.017370813666666,5.896122138600001,19.56324466666668,12.888715636363631,6.982581698000001,16.580110608695694,10.362562306000001,3.3621184426,0.0,18.89907040000002,1.6692643809523826,9.318243930166666,11.108088382999998,5.909484253033334,14.263016727272738,5.51754,17.942124869565248,5.559202086956528,2.6215330909090886,8.72012,10.112274233333334,4.221677520666667,3.9013375999999997,9.446758024600001,6.015158660666668,1959
80,5.93012553,14.99186298,10.02010637,8.117736532,9.61552727272727,13.859858181818165,9.46270583,13.447573333333313,8.144340766000001,12.03809709,15.36900429,6.097022902000001,19.576653333333347,12.89830545454545,7.09439486,16.59194086956526,10.71713342,3.470812182,0.0,18.91444800000002,1.6705619047619065,9.604045445,11.40733281,6.030845779,14.273629090909102,5.707800000000001,17.954926956521767,5.56316869565218,2.623483636363634,9.0184,10.371663,4.32690778,3.9045119999999995,9.695266922,6.20326758,1960
81,6.333481916,14.99976284,10.48927026,8.396542221,9.622676363636362,13.870162909090892,9.992956964000001,13.456783999999981,8.407883875,12.330527765000001,15.30499905,6.15928405,19.590062000000014,12.907895272727268,7.2013311479999995,16.603771130434826,10.49876261,3.9253029510000004,0.0,18.929825600000022,1.67185942857143,10.40763334,11.31475973,6.224853233999999,14.284241454545466,5.898060000000001,17.96772904347829,5.567135304347833,2.6254341818181794,9.31668,10.31828846,4.501247912,3.9076863999999993,9.937712696,6.773312467,1961
82,6.285261018,15.90124034,10.99132453,8.357319358,9.629825454545452,13.880467636363619,10.523208098000001,13.465994666666647,8.895144773,12.622958440000001,15.38823514,6.292460982000001,19.60347066666668,12.917485090909086,7.295329497000001,16.615601391304388,11.32295597,4.19093792,0.0,18.94520320000002,1.6731569523809537,11.12187603,11.57334823,6.779611853,14.29485381818183,6.088320000000001,17.980531130434812,5.571101913043485,2.627384727272725,9.61496,10.64236657,5.189382161,3.9108607999999996,10.12661549,6.820596257,1962
83,6.199258799,16.29504608,11.41547067,8.290315209,9.636974545454542,13.890772363636348,11.053459232000002,13.475205333333314,9.06119164,12.915389115000002,15.82884552,6.584765475,19.616879333333348,12.927074909090905,7.618721077999999,16.627431652173954,11.66436058,4.3714777289999995,0.0,18.960580800000017,1.6744544761904776,12.81986312,11.00763835,7.106425371,14.305466181818193,6.278580000000002,17.99333321739133,5.575068521739137,2.6293352727272703,9.91324,11.87388551,5.0040516980000005,3.9140352,10.61938825,6.793083472999999,1963
84,5.976754618999999,16.2562269,11.42834488,8.196586417999999,9.644123636363634,13.901077090909075,11.583710366000002,13.484415999999982,9.490408028,13.207819790000002,15.3544809,6.822277067999999,19.630288000000014,12.936664727272722,7.518391755,16.63926191304352,11.73358679,4.420922763,0.0,18.975958400000017,1.6757520000000015,12.92968082,10.77076614,7.330135145,14.316078545454557,6.468840000000002,18.00613530434785,5.579035130434789,2.6312858181818157,10.21152,11.97488602,5.814888198999999,3.9172095999999996,10.44189031,6.705333856,1964
85,6.059972782000001,16.46515979,12.24171024,7.937770546,9.651272727272726,13.911381818181802,12.113961500000002,13.49362666666665,10.27865087,13.500250465000002,16.08403345,7.283308689,19.64369666666668,12.94625454545454,7.826963533,16.65109217391308,13.22655893,4.722153496000001,0.0,18.991336000000018,1.677049523809525,14.04922895,10.55456804,7.797818829,14.326690909090921,6.659100000000002,18.018937391304373,5.583001739130442,2.633236363636361,10.5098,12.62406682,6.011906288,3.9203839999999994,11.0674075,6.710177302999999,1965
86,5.921643457999999,16.70533011,12.98460026,8.075592063,9.658421818181816,13.92168654545453,12.644212634000002,13.502837333333318,11.16363935,13.792681140000003,16.29368853,7.61670586,19.657105333333348,12.95584436363636,8.485709893,16.662922434782644,13.35978202,4.777126347,0.0,19.006713600000015,1.6783470476190487,15.21529189,10.76277487,8.597698247,14.337303272727285,6.849360000000003,18.031739478260896,5.586968347826094,2.6351869090909066,10.80808,13.45810834,6.218968922,3.9235583999999997,11.28180096,6.822748309,1966
87,5.652750976,17.5085993,13.38371551,8.829456762000001,9.665570909090906,13.93199127272726,13.174463768000003,13.512047999999984,11.90990932,14.085111815000001,17.68985237,8.162280081,19.670514000000015,12.965434181818178,8.68570303,16.67475269565221,13.25533354,4.830765969,0.0,19.022091200000013,1.6796445714285726,16.22932575,11.11255642,9.164308272000001,14.347915636363648,7.039620000000003,18.044541565217415,5.590934956521746,2.637137454545452,11.10636,14.58088282,6.51146493,3.9267328,11.91708486,7.4995378089999996,1967
88,5.676263156,17.04526279,14.40560157,9.369240535,9.672719999999998,13.942295999999986,13.704714902000001,13.52125866666665,12.58923258,14.377542490000002,17.47866871,8.433565012,19.683922666666682,12.975023999999996,8.471068908,16.686582956521775,13.55326517,4.768017334,0.0,19.037468800000013,1.6809420952380965,16.81327998,10.85267948,9.670078428,14.358528000000012,7.229880000000003,18.057343652173934,5.594901565217398,2.6390879999999974,11.40464,15.646069899999999,6.5840101529999995,3.9299071999999997,12.38000025,7.870623424,1968
89,5.8490240710000005,17.88484547,14.41783948,9.720853383,9.67986909090909,13.952600727272713,14.234966036,13.530469333333318,12.37661529,14.669973165000002,16.95038312,8.089454234,19.69733133333335,12.984613818181813,8.899226589,16.698413217391337,13.91295942,4.6707317889999995,0.0,19.052846400000014,1.68223961904762,17.64982788,10.50059338,10.32190022,14.369140363636376,7.420140000000003,18.070145739130457,5.598868173913051,2.641038545454543,11.70292,15.81166011,7.720370677000001,3.9330815999999995,12.37416384,7.964243732999999,1969
90,5.914159614,17.84083333,14.68352941,10.48436839,9.68701818181818,13.962905454545442,14.76521717,13.539679999999986,12.53344597,14.96240384,16.56899836,8.047091117,19.710740000000015,12.994203636363633,9.6976489,16.7102434782609,13.87869274,4.90989891,0.0,19.06822400000001,1.6835371428571437,18.42703498,10.14585955,12.38833063,14.37975272727274,7.610400000000002,18.08294782608698,5.602834782608703,2.6429890909090883,12.0012,16.05500312,7.46759271,3.9362559999999998,12.529809,8.863118903,1970
91,6.211192705,17.98526652,14.96647344,11.36838633,9.69416727272727,13.973210181818171,15.53662405,13.548890666666653,13.34528936,15.263282488,17.31586635,8.091215174,19.724148666666682,13.003793454545452,10.23535483,16.722073739130465,14.84257901,5.132696242,0.0,19.08360160000001,1.6848346666666676,19.18258854,9.966974145,13.36577297,14.390365090909103,7.8006600000000015,18.0957499130435,5.606801391304355,2.6449396363636337,12.29948,17.59211005,7.718187241,3.9394304,12.4057028,9.581854501,1971
92,6.638595805,17.83411503,15.86459354,12.12909131,9.701316363636362,13.983514909090898,15.66169698,13.558101333333319,13.99794372,15.564161136,17.96411868,7.736204272,19.73755733333335,13.01338327272727,10.10304491,16.73390400000003,15.89002003,5.547535334,0.0,19.09897920000001,1.6861321904761915,19.96527057,11.042047,14.33363533,14.400977454545467,7.990920000000001,18.108552000000017,5.610768000000007,2.646890181818179,12.597760000000001,17.60745739,7.760210677999999,3.9426048,13.17844005,9.727942847000001,1972
93,7.012542057999999,17.67992692,16.28269833,12.14316779,9.708465454545454,13.993819636363625,15.56647099,13.567311999999987,13.64675671,15.865039783999999,18.29670434,7.009729517999999,19.750966000000016,13.022973090909087,10.98795601,16.745734260869593,15.64472293,5.729202871,0.0,19.11435680000001,1.687429714285715,20.5507956,11.57058034,14.65131267,14.411589818181831,8.181180000000001,18.12135408695654,5.6147346086956595,2.6488407272727246,12.896040000000001,17.62963126,9.58543835,3.9457791999999996,12.79034068,9.922069919,1973
94,8.39848658,18.13958036,16.89191045,12.53374604,9.715614545454544,14.004124363636354,17.52376389,13.576522666666653,13.951655599999999,16.165918431999998,19.96037785,7.452637312999999,19.764374666666683,13.032562909090906,12.38090535,16.757564521739155,15.81899366,6.936385678,0.0,19.129734400000007,1.6887272380952387,21.91989118,12.174192399999999,14.32374614,14.422202181818195,8.371440000000002,18.134156173913063,5.618701217391312,2.65079127272727,13.194320000000001,20.16717138,10.14228203,3.9489536,14.16077486,10.89176915,1974
95,10.15894538,19.78976937,20.39080258,13.67648823,9.722763636363634,14.014429090909083,18.72106353,13.58573333333332,15.4373571,16.46679708,23.05745714,7.7130393360000005,19.77778333333335,13.042152727272725,13.91089618,16.76939478260872,17.21296682,7.992115301,0.0,19.145112000000005,1.6900247619047626,24.26125453,12.9668692,14.97422503,14.432814545454558,8.561700000000002,18.14695826086958,5.622667826086964,2.6527418181818154,13.492600000000001,20.2679074,11.93933065,3.952128,14.83580065,12.3828651,1975
96,10.59740856,20.49304033,21.38051374,13.37451818,9.729912727272726,14.02473381818181,18.01916598,13.594943999999987,17.04886543,18.09021481,22.73042441,8.067154378,19.791192000000017,13.051742545454543,13.797116599999999,16.781225043478287,17.25647171,8.611482114,0.0,19.160489600000005,1.6913222857142864,24.30077343,13.35496148,15.53919793,14.44342690909092,8.751960000000002,18.1597603478261,5.626634434782616,2.654692363636361,13.790880000000001,21.20627974,12.65016164,3.9553024,15.37234632,12.23132896,1976
97,10.9222346,20.49407434,22.55010485,13.595432999999998,9.737061818181818,14.035038545454537,18.35230368,13.604154666666656,18.45034185,18.59166897,22.57739198,8.86498118,19.804600666666683,13.06133236363636,13.33237617,16.79305530434785,16.63989902,8.946610719,0.0,19.175867200000006,1.69261980952381,20.96819799,15.75486853,15.91662478,14.454039272727282,8.942220000000002,18.172562434782623,5.6306010434782685,2.6566429090909063,14.089160000000001,23.46314589,12.76919976,3.9584767999999997,15.31771467,12.00061609,1977
98,10.6378896,22.12682645,22.81756082,13.39408899,9.744210909090908,14.045343272727266,19.23045696,13.613365333333322,18.74081587,19.45212529,22.02451057,9.495982219,19.81800933333335,13.07092218181818,13.37824249,16.80488556521741,18.00924475,9.623850053,0.0,19.191244800000003,1.6939173333333337,21.83820323,16.35007378,16.71197679,14.464651636363646,9.132480000000001,18.185364521739146,5.634567652173921,2.658593454545452,14.387440000000002,24.13642272,12.7801094,3.9616512,15.62650275,11.6358021,1978
99,10.29641421,22.07379021,23.00717358,12.90118654,9.751359999999998,14.055647999999994,19.7745319,13.622575999999988,17.82869989,19.72334639,21.58779659,9.30247371,19.831418000000017,13.080511999999999,13.79136835,16.816715826086977,17.366798899999996,9.933519057,0.0,19.2066224,1.6952148571428576,22.5536143,16.19167708,16.92743664,14.47526400000001,9.32274,18.198166608695665,5.638534260869572,2.660543999999998,14.685720000000002,24.08259006,12.77455349,3.9648256,15.5457689,11.78846715,1979
100,10.267999999999999,21.959,23.079,13.306,9.75850909090909,14.065952727272721,20.334,13.631786666666656,17.742,20.232,21.788,9.856,19.844826666666684,13.090101818181816,15.657,16.828546086956543,17.379,10.244000000000002,0.0,19.222,1.6965123809523814,23.261,16.744,16.121,14.485876363636372,9.513,18.210968695652184,5.6425008695652235,2.6624945454545434,14.984000000000002,24.846999999999998,12.769,3.968,15.587,12.835999999999999,1980
101,10.632,22.2194,23.5736,13.9284,9.765658181818182,14.076257454545448,20.126,13.640997333333324,18.5262,21.2346,21.876,10.958400000000001,19.85823533333335,13.099691636363634,16.5994,16.840376347826105,17.925800000000002,10.408800000000001,0.0,19.1234,1.697809904761905,23.3648,16.8206,16.336399999999998,14.496488727272734,9.5762,18.223770782608707,5.646467478260876,2.664445090909089,15.415200000000002,25.270999999999997,12.8934,3.8056,16.1058,12.836199999999998,1981
102,10.995999999999999,22.4798,24.068199999999997,14.550799999999999,9.772807272727272,14.086562181818177,19.918,13.65020799999999,19.3104,22.2372,21.964000000000002,12.0608,19.871644000000018,13.109281454545453,17.5418,16.852206608695667,18.4726,10.5736,0.0,19.0248,1.6991074285714287,23.4686,16.897199999999998,16.5518,14.507101090909098,9.6394,18.23657286956523,5.650434086956528,2.6663956363636347,15.846400000000003,25.694999999999997,13.0178,3.6432,16.624599999999997,12.836399999999998,1982
103,11.36,22.7402,24.5628,15.1732,9.779956363636362,14.096866909090906,19.71,13.659418666666657,20.0946,23.239800000000002,22.052000000000003,13.1632,19.885052666666684,13.118871272727272,18.484199999999998,16.864036869565233,19.0194,10.7384,0.0,18.926199999999998,1.7004049523809526,23.5724,16.973799999999997,16.7672,14.517713454545461,9.7026,18.24937495652175,5.654400695652179,2.6683461818181806,16.277600000000003,26.118999999999996,13.142199999999999,3.4808000000000003,17.143399999999996,12.836599999999999,1983
104,11.724,23.0006,25.0574,15.7956,9.787105454545454,14.107171636363633,19.502000000000002,13.668629333333325,20.8788,24.242400000000004,22.14,14.2656,19.89846133333335,13.12846109090909,19.4266,16.8758671304348,19.566200000000002,10.9032,0.0,18.827599999999997,1.7017024761904764,23.6762,17.050399999999996,16.982599999999998,14.528325818181823,9.7658,18.262177043478268,5.658367304347831,2.670296727272726,16.708800000000004,26.543,13.266599999999999,3.3184000000000005,17.6622,12.8368,1984
105,12.088,23.261,25.552,16.418,9.794254545454546,14.11747636363636,19.294,13.677839999999993,21.663,25.245,22.228,15.368,19.911870000000018,13.138050909090907,20.369,16.88769739130436,20.113,11.068,0.0,18.729,1.703,23.78,17.127,17.198,14.538938181818185,9.829,18.27497913043479,5.662333913043483,2.6722472727272715,17.14,26.967,13.390999999999998,3.156,18.180999999999997,12.837,1985
106,12.2966,23.2498,25.325,16.6436,9.801403636363636,14.127781090909089,19.829800000000002,13.687050666666659,21.994,25.052,22.0532,15.4386,19.925278666666685,13.147640727272726,19.663,16.899527652173923,20.2208,11.0758,0.0,18.6126,1.9964,23.8218,17.8086,18.0684,14.549550545454549,10.308,18.287781217391313,5.666300521739135,2.6741978181818173,17.5512,27.020999999999997,13.137999999999998,3.63,17.5936,12.903,1986
107,12.505199999999999,23.238599999999998,25.098,16.8692,9.808552727272726,14.138085818181818,20.3656,13.696261333333325,22.325,24.859,21.8784,15.5092,19.938687333333352,13.157230545454546,18.957,16.91135791304349,20.3286,11.0836,0.0,18.4962,2.2898,23.863599999999998,18.490199999999998,18.9388,14.560162909090913,10.786999999999999,18.300583304347832,5.6702671304347865,2.676148363636363,17.962400000000002,27.074999999999996,12.884999999999998,4.104,17.0062,12.969000000000001,1987
108,12.713799999999999,23.2274,24.871,17.0948,9.815701818181818,14.148390545454545,20.901400000000002,13.705471999999993,22.656,24.666,21.703599999999998,15.579799999999999,19.95209600000002,13.166820363636363,18.251,16.923188173913054,20.4364,11.0914,0.0,18.379800000000003,2.5832,23.9054,19.171799999999998,19.8092,14.570775272727275,11.266,18.31338539130435,5.674233739130438,2.6780989090909086,18.3736,27.128999999999998,12.631999999999998,4.578,16.4188,13.035,1988
109,12.9224,23.2162,24.644,17.3204,9.82285090909091,14.158695272727272,21.437200000000004,13.714682666666661,22.987000000000002,24.473,21.528799999999997,15.650399999999998,19.965504666666682,13.17641018181818,17.545,16.935018434782616,20.544199999999996,11.0992,0.0,18.263400000000004,2.8766,23.947200000000002,19.8534,20.6796,14.581387636363637,11.745000000000001,18.326187478260874,5.67820034782609,2.680049454545454,18.784799999999997,27.183,12.378999999999998,5.052,15.831400000000002,13.100999999999999,1989
110,13.130999999999998,23.205,24.416999999999998,17.546,9.83,14.169,21.973000000000003,13.723893333333328,23.318,24.28,21.354,15.720999999999998,19.97891333333335,13.186,16.839000000000002,16.94684869565218,20.651999999999997,11.107000000000001,0.0,18.147000000000002,3.17,23.989,20.535,21.55,14.592,12.224,18.338989565217396,5.682166956521742,2.682,19.195999999999998,27.237,12.126,5.526,15.244000000000002,13.167,1990
111,13.878999999999998,23.7636,24.5674,17.7076,10.0668,14.561,22.681,13.733103999999994,24.434800000000003,25.0904,22.1282,15.896799999999999,19.992322000000016,13.4908,16.9798,16.958678956521744,20.712999999999997,11.6966,0.0,18.454600000000003,3.3608,23.659000000000002,20.0088,21.7348,16.04,12.9824,18.351791652173915,5.686133565217394,2.7598,19.4942,27.901799999999998,12.9142,5.5398,15.8618,13.545,1991
112,14.626999999999999,24.322200000000002,24.7178,17.8692,10.303600000000001,14.953,23.389000000000003,13.742314666666662,25.5516,25.900799999999997,22.9024,16.0726,20.00573066666668,13.7956,17.1206,16.97050921739131,20.773999999999997,12.286200000000001,0.0,18.7622,3.5515999999999996,23.329,19.4826,21.9196,17.488,13.7408,18.364593739130434,5.690100173913045,2.8376,19.7924,28.566599999999998,13.702399999999999,5.553599999999999,16.4796,13.923,1992
113,15.374999999999998,24.8808,24.8682,18.0308,10.540400000000002,15.345,24.097,13.75152533333333,26.6684,26.711199999999998,23.6766,16.2484,20.019139333333342,14.1004,17.2614,16.982339478260872,20.834999999999997,12.8758,0.0,19.0698,3.7423999999999995,22.999000000000002,18.956400000000002,22.1044,18.936,14.4992,18.377395826086957,5.694066782608697,2.9154,20.0906,29.231399999999997,14.490599999999999,5.567399999999999,17.0974,14.301,1993
114,16.122999999999998,25.4394,25.0186,18.1924,10.7772,15.737000000000002,24.805,13.760735999999996,27.785199999999996,27.5216,24.4508,16.4242,20.03254800000001,14.4052,17.4022,16.994169739130434,20.895999999999997,13.465399999999999,0.0,19.3774,3.9331999999999994,22.669000000000004,18.4302,22.2892,20.384,15.2576,18.39019791304348,5.6980333913043495,2.9932,20.388799999999996,29.8962,15.2788,5.581199999999999,17.7152,14.679,1994
115,16.871,25.998,25.169,18.354,11.014000000000001,16.129,25.513,13.769946666666662,28.901999999999997,28.331999999999997,25.225,16.6,20.045956666666676,14.71,17.543,17.006,20.956999999999997,14.055,0.0,19.685,4.124,22.339000000000002,17.904,22.474,21.831999999999997,16.016,18.403,5.702000000000001,3.071,20.686999999999998,30.561,16.067,5.595,18.333,15.057,1995
116,17.1452,25.8958,24.8352,17.8358,11.358600000000001,16.4956,25.163400000000003,13.77915733333333,27.6512,28.164599999999997,25.261000000000003,16.9566,20.05936533333334,14.6942,16.5478,17.0058,21.292999999999996,14.4978,2.9681999999999995,19.4682,4.2547999999999995,21.552000000000003,18.0146,22.0596,21.5098,16.5154,18.2324,9.036000000000001,3.3618,20.4458,29.8034,16.111,6.02,18.2076,14.8956,1996
117,17.4194,25.7936,24.5014,17.3176,11.7032,16.8622,24.8138,13.788367999999998,26.4004,27.9972,25.297000000000004,17.313200000000002,20.072774000000003,14.6784,15.552599999999998,17.0056,21.628999999999998,14.9406,5.936399999999999,19.2514,4.3856,20.765,18.1252,21.6452,21.1876,17.0148,18.061799999999998,12.370000000000001,3.6526,20.2046,29.0458,16.155,6.444999999999999,18.0822,14.7342,1997
118,17.6936,25.6914,24.1676,16.7994,12.0478,17.2288,24.4642,13.797578666666665,25.149600000000003,27.8298,25.333000000000002,17.669800000000002,20.08618266666667,14.6626,14.5574,17.0054,21.964999999999996,15.3834,8.904599999999999,19.0346,4.5164,19.978,18.2358,21.2308,20.8654,17.5142,17.891199999999998,15.704,3.9434,19.9634,28.2882,16.199,6.869999999999999,17.9568,14.572799999999999,1998
119,17.9678,25.589199999999998,23.8338,16.2812,12.3924,17.595399999999998,24.114600000000003,13.806789333333331,23.8988,27.662399999999998,25.369,18.026400000000002,20.099591333333336,14.646799999999999,13.5622,17.005200000000002,22.300999999999995,15.8262,11.872799999999998,18.8178,4.6472,19.191000000000003,18.346400000000003,20.8164,20.5432,18.013599999999997,17.720599999999997,19.038,4.2342,19.7222,27.5306,16.243000000000002,7.295,17.831400000000002,14.4114,1999
120,18.242,25.487,23.5,15.763,12.737,17.962,23.765,13.815999999999999,22.648000000000003,27.495,25.405,18.383,20.113,14.630999999999998,12.567,17.005,22.636999999999997,16.269000000000002,14.841,18.601,4.7780000000000005,18.404,18.457,20.402,20.221,18.512999999999998,17.55,22.372,4.525,19.480999999999998,26.773000000000003,16.287,7.72,17.706,14.25,2000
121,17.9298,25.5768,23.854,15.838,11.928,17.992,24.0492,13.646799999999999,22.903800000000004,27.7348,25.579800000000002,18.7908,20.4618,14.883399999999998,13.0294,16.864,22.928599999999996,16.6456,14.3138,19.359199999999998,5.079000000000001,18.821,18.3274,20.471400000000003,20.3524,19.2762,17.2068,22.1858,4.843,19.6662,26.888600000000004,16.7148,8.229800000000001,18.0464,14.5298,2001
122,17.6176,25.6666,24.208,15.912999999999998,11.119,18.022000000000002,24.333399999999997,13.477599999999999,23.159600000000005,27.974600000000002,25.754600000000003,19.1986,20.8106,15.135799999999998,13.491800000000001,16.723,23.2202,17.0222,13.7866,20.117399999999996,5.380000000000001,19.238,18.1978,20.540800000000004,20.4838,20.0394,16.8636,21.9996,5.161,19.851399999999998,27.004200000000004,17.1426,8.739600000000001,18.3868,14.8096,2002
123,17.3054,25.7564,24.561999999999998,15.987999999999998,10.31,18.052000000000003,24.6176,13.308399999999999,23.4154,28.2144,25.9294,19.6064,21.1594,15.388199999999998,13.954200000000002,16.582,23.511799999999997,17.3988,13.2594,20.8756,5.681,19.655,18.0682,20.610200000000003,20.615199999999998,20.8026,16.520400000000002,21.8134,5.479,20.0366,27.1198,17.5704,9.249400000000001,18.7272,15.0894,2003
124,16.993199999999998,25.8462,24.915999999999997,16.063,9.501000000000001,18.082,24.9018,13.139199999999999,23.6712,28.4542,26.1042,20.014200000000002,21.508200000000002,15.6406,14.416600000000003,16.441000000000003,23.803399999999996,17.7754,12.732199999999999,21.6338,5.981999999999999,20.072000000000003,17.9386,20.6796,20.7466,21.565800000000003,16.177200000000003,21.627200000000002,5.797000000000001,20.2218,27.2354,17.998199999999997,9.7592,19.0676,15.3692,2004
125,16.680999999999997,25.936,25.27,16.137999999999998,8.692,18.112000000000002,25.186,12.97,23.927,28.694000000000003,26.279,20.422,21.857,15.892999999999999,14.879000000000001,16.3,24.095,18.152,12.205,22.392,6.2829999999999995,20.489,17.809,20.749000000000002,20.878,22.329,15.834000000000001,21.441,6.115,20.407,27.351,18.426,10.269,19.408,15.649000000000001,2005
126,16.685999999999996,26.2642,25.8764,16.4198,9.0468,18.442800000000002,25.937,14.0402,24.625,29.088,26.2076,21.102800000000002,22.0932,16.113599999999998,16.381,16.247,24.8018,18.936400000000003,13.5062,22.4956,6.525399999999999,20.808600000000002,18.2974,20.982400000000002,20.8288,22.7596,16.2774,21.8322,6.5486,21.4934,27.1344,18.427,10.7828,20.0834,16.3884,2006
127,16.690999999999995,26.592399999999998,26.4828,16.7016,9.401599999999998,18.773600000000002,26.688000000000002,15.1104,25.323,29.482,26.1362,21.7836,22.3294,16.3342,17.883,16.194,25.5086,19.720800000000004,14.8074,22.5992,6.767799999999999,21.1282,18.7858,21.2158,20.779600000000002,23.190199999999997,16.7208,22.223399999999998,6.982200000000001,22.579800000000002,26.9178,18.427999999999997,11.2966,20.7588,17.1278,2007
128,16.695999999999998,26.920599999999997,27.0892,16.9834,9.7564,19.104400000000002,27.439,16.1806,26.021,29.876,26.064799999999998,22.4644,22.5656,16.5548,19.384999999999998,16.141,26.215400000000002,20.505200000000002,16.1086,22.7028,7.010199999999999,21.4478,19.274199999999997,21.4492,20.7304,23.6208,17.1642,22.6146,7.4158,23.666200000000003,26.7012,18.429,11.8104,21.4342,17.8672,2008
129,16.701,27.248799999999996,27.6956,17.2652,10.1112,19.435200000000002,28.189999999999998,17.250799999999998,26.719,30.270000000000003,25.993399999999998,23.145200000000003,22.8018,16.775399999999998,20.887,16.088,26.922200000000004,21.2896,17.409799999999997,22.8064,7.252599999999999,21.767400000000002,19.7626,21.6826,20.681199999999997,24.0514,17.607599999999998,23.0058,7.849399999999999,24.7526,26.4846,18.43,12.3242,22.1096,18.6066,2009
130,16.706,27.576999999999998,28.302,17.547,10.466,19.766,28.941,18.320999999999998,27.416999999999998,30.664,25.921999999999997,23.826,23.038,16.996,22.389,16.035,27.629,22.074,18.711,22.91,7.495,22.087,20.250999999999998,21.916,20.631999999999998,24.482,18.051,23.397,8.283,25.839000000000002,26.268,18.430999999999997,12.838,22.785,19.346,2010
131,17.173666666666666,27.570999999999998,28.642666666666667,17.324,10.311333333333334,19.930999999999997,28.96633333333333,17.50433333333333,28.10533333333333,30.940333333333335,25.534,24.564,22.728,16.865,21.669,16.062,27.959,22.40266666666667,17.266333333333332,23.017666666666667,7.6449,22.351,19.925666666666665,21.865666666666666,20.278,24.820333333333334,18.06833333333333,23.590666666666667,8.632666666666667,25.986,26.640666666666668,18.685666666666666,13.011666666666667,22.481333333333335,19.169333333333334,2011
132,17.641333333333336,27.564999999999998,28.983333333333334,17.101,10.156666666666666,20.095999999999997,28.991666666666667,16.687666666666665,28.793666666666667,31.21666666666667,25.146,25.302,22.418,16.733999999999998,20.948999999999998,16.089,28.289,22.731333333333332,15.821666666666665,23.125333333333334,7.797798,22.615000000000002,19.60033333333333,21.815333333333335,19.924,25.15866666666667,18.085666666666665,23.784333333333336,8.982333333333333,26.133000000000003,27.013333333333335,18.940333333333335,13.185333333333334,22.177666666666667,18.992666666666665,2012
133,18.109,27.559,29.324,16.878,10.002,20.261,29.017,15.870999999999999,29.482,31.493000000000002,24.758000000000003,26.04,22.108,16.602999999999998,20.229,16.116,28.619,23.06,14.377,23.233,7.95375396,22.879,19.275,21.765,19.57,25.497,18.102999999999998,23.978,9.332,26.28,27.386,19.195,13.359000000000002,21.874000000000002,18.816,2013
134,18.697,27.854,29.174,16.817999999999998,10.52,19.897000000000002,29.000999999999998,15.977,30.177,31.938000000000002,24.851,26.076999999999998,21.373,16.677,19.160999999999998,16.241,28.971999999999998,23.5212,14.227,23.004,8.112829039200001,22.660999999999998,19.371,22.448,19.489,24.523000000000003,19.317999999999998,23.081,9.718,26.069000000000003,27.136,19.275,13.507,21.58,18.813,2014
135,18.794,28.03,29.17,17.213,11.18,19.475,28.814,17.037,30.575,31.685,24.964000000000002,26.386999999999997,20.671999999999997,15.674000000000001,16.971,16.046,28.916999999999998,23.991624,14.415,22.184,8.275085619984,22.313000000000002,19.667,23.909000000000002,19.419,24.1,19.408,22.362,10.107999999999999,25.371,26.677,19.608,13.77714,21.502,18.954,2015
136,19.146,27.785999999999998,29.005,17.557260000000003,11.403599999999999,19.437,28.677,17.427,30.783,31.548000000000002,25.289,27.026,20.604,15.214,16.105,16.098,28.871,24.47145648,14.46,21.8,8.44058733238368,22.006,20.060340000000004,25.075,20.214000000000002,24.113000000000003,18.598,22.834,10.359000000000002,24.61,27.057,19.727,14.0526828,21.493000000000002,19.320999999999998,2016
137,19.52892,28.34172,29.5851,17.908405200000004,11.631672,19.825740000000003,29.25054,17.77554,31.398660000000003,32.178960000000004,25.794780000000003,27.56652,21.01608,15.51828,16.4271,16.41996,29.44842,24.960885609600002,14.749200000000002,22.236,8.609399079031354,22.44612,20.461546800000004,25.5765,20.618280000000002,24.595260000000003,18.96996,23.29068,10.566180000000003,25.1022,27.59814,20.12154,14.333736456,21.922860000000004,19.70742,2017
138,19.9194984,28.9085544,30.176802000000002,18.266573304000005,11.86430544,20.222254800000005,29.8355508,18.1310508,32.026633200000006,32.8225392,26.310675600000003,28.117850400000002,21.4364016,15.828645600000002,16.755641999999998,16.7483592,30.037388399999998,25.460103321792,15.044184000000001,22.68072,8.781587060611981,22.8950424,20.870777736000004,26.08803,21.030645600000003,25.087165200000005,19.349359200000002,23.7564936,10.777503600000003,25.604244,28.150102800000003,20.5239708,14.62041118512,22.361317200000006,20.101568399999998,2018
139,20.317888368,29.486725488,30.780338040000004,18.631904770080006,12.1015915488,20.626699896000005,30.432261816,18.493671816000003,32.667165864000005,33.478989984,26.836889112000005,28.680207408,21.865129632,16.145218512000003,17.09075484,17.083326384,30.638136168,25.96930538822784,15.345067680000001,23.1343344,8.95721880182422,23.352943248000003,21.288193290720006,26.6097906,21.451258512000003,25.588908504000006,19.736346384,24.231623472,10.993053672000004,26.11632888,28.713104856000005,20.934450216000002,14.9128194088224,22.808543544000006,20.503599767999997,2019
140,20.724246135359998,30.07645999776,31.395944800800006,19.004542865481607,12.343623379776,21.039233893920006,31.04090705232,18.86354525232,33.32050918128,34.14856978368,27.373626894240005,29.253811556160002,22.30243222464,16.468122882240003,17.4325699368,17.42499291168,31.25089889136,26.4886914959924,15.651969033600002,23.597021088,9.136363177860705,23.820002112960005,21.713957156534406,27.141986412,21.88028368224,26.100686674080006,20.13107331168,24.71625594144,11.212914745440004,26.638655457600002,29.287366953120006,21.353139220320003,15.211075796998848,23.264714414880007,20.913671763359996,2020
